{
  "frame_reconstruction_loss": 0.16274458169937134,
  "temporal_consistency": 0.005304543301463127
}